gene,species,omega,dn,ds
ACACA,pan_troglodytes,0.051724,0.0006,0.0116
ACACA,gorilla_gorilla,0.385121,2.0934,5.4357
ACACA,pongo_abelii,0.072874,0.0018,0.0247
ACACA,macaca_mulatta,3.266883,6.4289,1.9679
ACACA,callithrix_jacchus,0.06988,0.0058,0.083
ACACA,mus_musculus,0.952414,0.5564,0.5842
ACACA,rattus_norvegicus,0.856834,4.0009,4.6694
ACACA,bos_taurus,3.280244,6.3909,1.9483
ACACA,canis_lupus_familiaris,0.044444,0.0102,0.2295
ACACA,loxodonta_africana,1.761846,3.841,2.1801
ACACA,tursiops_truncatus,1.604755,3.0646,1.9097
ACACA,vulpes_vulpes,3.08073,5.8768,1.9076
ACACA,ursus_americanus,1.397485,3.4673,2.4811
ADIPOQ,pan_troglodytes,0.847826,0.0039,0.0046
ADIPOQ,gorilla_gorilla,0.063898,0.002,0.0313
ADIPOQ,pongo_abelii,0.5,0.0117,0.0234
ADIPOQ,macaca_mulatta,3.559833,4.6794,1.3145
ADIPOQ,callithrix_jacchus,0.863822,3.3366,3.8626
ADIPOQ,mus_musculus,0.52603,1.2398,2.3569
ADIPOQ,rattus_norvegicus,0.171281,0.1658,0.968
ADIPOQ,bos_taurus,1.974587,3.9006,1.9754
ADIPOQ,canis_lupus_familiaris,3.92416,4.6827,1.1933
ADIPOQ,loxodonta_africana,0.435012,0.165,0.3793
ADIPOQ,tursiops_truncatus,1.184601,1.7262,1.4572
ADIPOQ,vulpes_vulpes,4.475502,4.6769,1.045
ADIPOQ,ursus_americanus,0.26743,0.0817,0.3055
AKT1,pan_troglodytes,0.553383,0.1472,0.266
AKT1,gorilla_gorilla,0.501027,2.0,3.9918
AKT1,pongo_abelii,0.350109,0.1447,0.4133
AKT1,macaca_mulatta,0.286705,0.1488,0.519
AKT1,callithrix_jacchus,0.163344,0.1475,0.903
AKT1,mus_musculus,0.071328,0.1565,2.1941
AKT1,rattus_norvegicus,0.733297,1.9997,2.727
AKT1,canis_lupus_familiaris,0.087729,0.1545,1.7611
AKT1,loxodonta_africana,0.449152,1.7684,3.9372
AKT1,tursiops_truncatus,0.075954,0.1882,2.4778
AKT1,vulpes_vulpes,0.088929,0.1535,1.7261
AKT1,ursus_americanus,0.43137,1.72,3.9873
AKT2,pan_troglodytes,0.575764,2.3319,4.0501
AKT2,gorilla_gorilla,0.324037,1.0039,3.0981
AKT2,pongo_abelii,0.218254,1.0003,4.5832
AKT2,macaca_mulatta,0.246644,1.0013,4.0597
AKT2,callithrix_jacchus,0.24473,0.9973,4.0751
AKT2,mus_musculus,0.260736,1.0911,4.1847
AKT2,rattus_norvegicus,0.502273,2.077,4.1352
AKT2,bos_taurus,0.439315,1.8004,4.0982
AKT2,canis_lupus_familiaris,0.54136,2.1636,3.9966
AKT2,loxodonta_africana,0.251428,1.021,4.0608
AKT2,tursiops_truncatus,0.248289,1.0015,4.0336
AKT2,vulpes_vulpes,0.252235,1.0271,4.072
AKT2,ursus_americanus,0.249178,1.0149,4.073
ALDOA,pan_troglodytes,0.685003,2.2651,3.3067
ALDOA,gorilla_gorilla,0.459772,1.8401,4.0022
ALDOA,pongo_abelii,0.020992,0.0011,0.0524
ALDOA,macaca_mulatta,0.462717,1.8567,4.0126
ALDOA,mus_musculus,0.52169,2.131,4.0848
ALDOA,rattus_norvegicus,0.525199,2.1353,4.0657
ALDOA,bos_taurus,0.531259,2.1261,4.002
ALDOA,canis_lupus_familiaris,0.511512,2.055,4.0175
ALDOA,loxodonta_africana,0.059711,0.0182,0.3048
ALDOA,tursiops_truncatus,0.369134,1.5387,4.1684
ALDOA,vulpes_vulpes,0.839476,2.5191,3.0008
ALDOA,ursus_americanus,0.636702,2.5484,4.0025
ALDOB,pan_troglodytes,0.206349,0.0013,0.0063
ALDOB,gorilla_gorilla,0.115942,0.0024,0.0207
ALDOB,pongo_abelii,0.127329,0.0041,0.0322
ALDOB,macaca_mulatta,0.07027,0.0039,0.0555
ALDOB,callithrix_jacchus,3.787554,4.9848,1.3161
ALDOB,mus_musculus,0.048081,0.0218,0.4534
ALDOB,rattus_norvegicus,0.041327,0.0218,0.5275
ALDOB,bos_taurus,3.694148,4.9871,1.35
ALDOB,canis_lupus_familiaris,0.076135,0.0208,0.2732
ALDOB,loxodonta_africana,5.15062,4.9858,0.968
ALDOB,tursiops_truncatus,1.855475,1.6048,0.8649
ALDOB,vulpes_vulpes,0.072207,0.0179,0.2479
ALDOB,ursus_americanus,0.592119,2.3876,4.0323
ALDOC,pan_troglodytes,0.935446,0.2362,0.2525
ALDOC,gorilla_gorilla,0.945805,0.2356,0.2491
ALDOC,pongo_abelii,0.780433,0.2417,0.3097
ALDOC,macaca_mulatta,0.674326,0.2377,0.3525
ALDOC,callithrix_jacchus,0.589308,0.2359,0.4003
ALDOC,mus_musculus,0.319915,0.2416,0.7552
ALDOC,rattus_norvegicus,3.239515,5.0206,1.5498
ALDOC,bos_taurus,0.48364,0.439,0.9077
ALDOC,canis_lupus_familiaris,0.440897,0.2417,0.5482
ALDOC,loxodonta_africana,3.650022,4.9852,1.3658
ALDOC,tursiops_truncatus,0.415963,0.2366,0.5688
ALDOC,vulpes_vulpes,0.64006,0.5116,0.7993
ALDOC,ursus_americanus,0.492712,0.24,0.4871
DGAT1,pan_troglodytes,0.609944,0.4588,0.7522
DGAT1,gorilla_gorilla,0.609224,0.461,0.7567
DGAT1,pongo_abelii,0.6277,0.4736,0.7545
DGAT1,macaca_mulatta,0.340719,1.4116,4.143
DGAT1,callithrix_jacchus,0.357168,1.4925,4.1787
DGAT1,mus_musculus,0.482912,2.0899,4.3277
DGAT1,rattus_norvegicus,0.384718,1.6439,4.273
DGAT1,bos_taurus,0.368077,1.5079,4.0967
DGAT1,canis_lupus_familiaris,0.572644,2.0393,3.5612
DGAT1,loxodonta_africana,0.772828,2.826,3.6567
DGAT1,tursiops_truncatus,0.315838,1.3064,4.1363
DGAT1,vulpes_vulpes,0.414122,1.6979,4.1
DGAT1,ursus_americanus,0.529265,2.6649,5.0351
DGAT2,pan_troglodytes,0.530823,1.5594,2.9377
DGAT2,gorilla_gorilla,0.511522,1.5583,3.0464
DGAT2,pongo_abelii,0.45849,1.5596,3.4016
DGAT2,macaca_mulatta,0.390569,1.6118,4.1268
DGAT2,callithrix_jacchus,0.483778,1.5627,3.2302
DGAT2,mus_musculus,0.400881,1.6384,4.087
DGAT2,rattus_norvegicus,1.184486,3.7945,3.2035
DGAT2,bos_taurus,1.108103,2.4191,2.1831
DGAT2,canis_lupus_familiaris,0.410311,1.6426,4.0033
DGAT2,loxodonta_africana,2.629992,5.0054,1.9032
DGAT2,tursiops_truncatus,0.40542,1.6278,4.0151
DGAT2,vulpes_vulpes,0.513509,2.0166,3.9271
DGAT2,ursus_americanus,0.464695,1.8605,4.0037
ENO1,pan_troglodytes,0.906346,0.7655,0.8446
ENO1,gorilla_gorilla,0.964299,0.7644,0.7927
ENO1,callithrix_jacchus,0.853016,0.8032,0.9416
ENO1,mus_musculus,0.050889,0.0309,0.6072
ENO1,rattus_norvegicus,1.084022,1.7959,1.6567
ENO1,bos_taurus,0.363961,0.7637,2.0983
ENO1,canis_lupus_familiaris,0.436971,0.8316,1.9031
ENO1,loxodonta_africana,0.34822,0.7875,2.2615
ENO1,tursiops_truncatus,0.343956,0.7706,2.2404
ENO1,vulpes_vulpes,0.634507,2.6195,4.1284
ENO1,ursus_americanus,0.361803,0.5401,1.4928
ENO2,pan_troglodytes,-0.0,-0.0,0.0157
ENO2,gorilla_gorilla,0.151079,0.0021,0.0139
ENO2,pongo_abelii,-0.0,-0.0,0.0329
ENO2,macaca_mulatta,0.047393,0.003,0.0633
ENO2,callithrix_jacchus,0.013049,0.0011,0.0843
ENO2,mus_musculus,0.49337,0.7255,1.4705
ENO2,rattus_norvegicus,0.031197,0.0129,0.4135
ENO2,bos_taurus,0.020183,0.0064,0.3171
ENO2,canis_lupus_familiaris,0.020291,0.0053,0.2612
ENO2,loxodonta_africana,1.606306,2.6035,1.6208
ENO2,tursiops_truncatus,0.458504,0.2906,0.6338
ENO2,vulpes_vulpes,0.133815,0.0482,0.3602
ENO2,ursus_americanus,0.025165,0.0065,0.2583
FASN,pan_troglodytes,0.259307,1.3917,5.367
FASN,gorilla_gorilla,0.265614,1.4247,5.3638
FASN,pongo_abelii,0.270875,1.452,5.3604
FASN,macaca_mulatta,0.329865,1.7721,5.3722
FASN,callithrix_jacchus,0.377247,2.0483,5.4296
FASN,mus_musculus,0.306169,1.6899,5.5195
FASN,rattus_norvegicus,0.296786,1.6398,5.5252
FASN,bos_taurus,0.347225,1.8621,5.3628
FASN,canis_lupus_familiaris,0.325286,1.7488,5.3762
FASN,loxodonta_africana,0.266874,1.444,5.4108
FASN,tursiops_truncatus,0.336985,1.7687,5.2486
FASN,vulpes_vulpes,0.261497,1.3965,5.3404
FASN,ursus_americanus,0.252392,1.3531,5.3611
FBP1,pan_troglodytes,1.026473,0.1551,0.1511
FBP1,gorilla_gorilla,0.980519,0.151,0.154
FBP1,pongo_abelii,0.921382,0.1547,0.1679
FBP1,macaca_mulatta,1.025373,3.2006,3.1214
FBP1,callithrix_jacchus,4.139176,5.044,1.2186
FBP1,mus_musculus,0.20002,0.2019,1.0094
FBP1,rattus_norvegicus,0.193416,0.2456,1.2698
FBP1,bos_taurus,0.273458,0.1973,0.7215
FBP1,canis_lupus_familiaris,3.059623,5.0649,1.6554
FBP1,loxodonta_africana,0.20954,0.1801,0.8595
FBP1,tursiops_truncatus,2.804383,4.7983,1.711
FBP1,vulpes_vulpes,0.265888,0.1799,0.6766
FBP1,ursus_americanus,0.048514,0.0498,1.0265
FBP2,pan_troglodytes,0.449613,1.7873,3.9752
FBP2,gorilla_gorilla,1.494851,2.6272,1.7575
FBP2,pongo_abelii,0.597813,0.0492,0.0823
FBP2,macaca_mulatta,0.738825,2.3652,3.2013
FBP2,callithrix_jacchus,0.011628,0.0017,0.1462
FBP2,mus_musculus,0.968464,2.4261,2.5051
FBP2,rattus_norvegicus,0.809966,1.6742,2.067
FBP2,bos_taurus,0.568273,2.2486,3.9569
FBP2,canis_lupus_familiaris,1.193567,2.0817,1.7441
FBP2,loxodonta_africana,0.573042,2.3642,4.1257
FBP2,tursiops_truncatus,0.852678,2.1855,2.5631
FBP2,vulpes_vulpes,0.516746,2.0783,4.0219
FBP2,ursus_americanus,0.55042,2.2292,4.05
FOXO1,pan_troglodytes,-0.0,-0.0,0.0097
FOXO1,gorilla_gorilla,0.197674,0.0034,0.0172
FOXO1,pongo_abelii,1.039959,1.1113,1.0686
FOXO1,macaca_mulatta,0.062315,0.0042,0.0674
FOXO1,callithrix_jacchus,0.892646,1.283,1.4373
FOXO1,mus_musculus,0.606047,1.4333,2.365
FOXO1,rattus_norvegicus,0.916602,1.4101,1.5384
FOXO1,bos_taurus,0.418694,1.222,2.9186
FOXO1,canis_lupus_familiaris,0.302369,1.2978,4.2921
FOXO1,vulpes_vulpes,1.250692,1.3555,1.0838
FOXO1,ursus_americanus,1.02704,1.4927,1.4534
G6PC,pan_troglodytes,0.163399,0.0025,0.0153
G6PC,gorilla_gorilla,0.254902,0.0026,0.0102
G6PC,pongo_abelii,0.220126,0.0105,0.0477
G6PC,macaca_mulatta,0.12835,0.0091,0.0709
G6PC,callithrix_jacchus,0.213746,0.0311,0.1455
G6PC,mus_musculus,0.090789,0.0619,0.6818
G6PC,rattus_norvegicus,3.73709,4.921,1.3168
G6PC,bos_taurus,0.075997,0.0366,0.4816
G6PC,canis_lupus_familiaris,0.139061,0.045,0.3236
G6PC,loxodonta_africana,0.155321,0.0559,0.3599
G6PC,tursiops_truncatus,0.73257,0.6399,0.8735
G6PC,vulpes_vulpes,0.132442,0.0436,0.3292
G6PC,ursus_americanus,2.177816,4.6357,2.1286
G6PC2,pan_troglodytes,0.450704,0.0064,0.0142
G6PC2,gorilla_gorilla,0.26087,0.0084,0.0322
G6PC2,pongo_abelii,0.266355,0.0171,0.0642
G6PC2,macaca_mulatta,0.509021,2.0483,4.024
G6PC2,callithrix_jacchus,0.631195,0.121,0.1917
G6PC2,mus_musculus,0.192249,0.0883,0.4593
G6PC2,rattus_norvegicus,0.589864,1.9413,3.2911
G6PC2,bos_taurus,0.244772,0.0714,0.2917
G6PC2,canis_lupus_familiaris,0.754022,0.6796,0.9013
G6PC2,loxodonta_africana,3.620483,4.9597,1.3699
G6PC2,tursiops_truncatus,0.349783,0.0645,0.1844
G6PC2,vulpes_vulpes,0.720211,0.6824,0.9475
G6PC2,ursus_americanus,0.777076,0.6888,0.8864
G6PD,pan_troglodytes,0.467865,1.9153,4.0937
G6PD,gorilla_gorilla,0.341387,0.0438,0.1283
G6PD,pongo_abelii,0.476118,0.4984,1.0468
G6PD,macaca_mulatta,0.426883,1.7334,4.0606
G6PD,callithrix_jacchus,0.048893,0.017,0.3477
G6PD,mus_musculus,0.045338,0.0795,1.7535
G6PD,rattus_norvegicus,0.416698,0.6653,1.5966
G6PD,bos_taurus,0.542514,2.2153,4.0834
G6PD,canis_lupus_familiaris,0.385423,1.5928,4.1326
G6PD,loxodonta_africana,0.039921,0.0606,1.518
G6PD,tursiops_truncatus,0.312259,0.5349,1.713
G6PD,vulpes_vulpes,0.393644,1.625,4.1281
G6PD,ursus_americanus,0.40312,1.6563,4.1087
GAPDH,pan_troglodytes,-0.0,-0.0,0.0179
GAPDH,gorilla_gorilla,-0.0,-0.0,0.0358
GAPDH,pongo_abelii,0.06457,0.0039,0.0604
GAPDH,macaca_mulatta,0.056851,0.0039,0.0686
GAPDH,callithrix_jacchus,0.595762,2.2546,3.7844
GAPDH,mus_musculus,1.569727,2.8996,1.8472
GAPDH,rattus_norvegicus,3.597997,4.7418,1.3179
GAPDH,bos_taurus,0.52524,2.0331,3.8708
GAPDH,canis_lupus_familiaris,2.419284,4.6143,1.9073
GAPDH,loxodonta_africana,0.10904,0.0468,0.4292
GAPDH,tursiops_truncatus,0.444036,1.6674,3.7551
GAPDH,vulpes_vulpes,2.023026,4.4984,2.2236
GAPDH,ursus_americanus,2.113013,4.9753,2.3546
GCG,pan_troglodytes,-0.0,-0.0,0.0133
GCG,gorilla_gorilla,0.195489,0.0026,0.0133
GCG,pongo_abelii,-0.0,-0.0,0.0201
GCG,macaca_mulatta,3.19657,4.4736,1.3995
GCG,callithrix_jacchus,3.200501,4.4743,1.398
GCG,mus_musculus,0.13532,0.0554,0.4094
GCG,rattus_norvegicus,0.150805,0.0534,0.3541
GCG,bos_taurus,0.178855,0.0428,0.2393
GCG,canis_lupus_familiaris,0.149811,0.0317,0.2116
GCG,loxodonta_africana,0.529775,0.2233,0.4215
GCG,tursiops_truncatus,0.709724,1.1824,1.666
GCG,vulpes_vulpes,4.092261,4.4311,1.0828
GCG,ursus_americanus,0.211834,0.0358,0.169
GCGR,pan_troglodytes,0.571616,0.4797,0.8392
GCGR,gorilla_gorilla,0.56019,0.4728,0.844
GCGR,pongo_abelii,0.830653,1.5858,1.9091
GCGR,macaca_mulatta,0.487675,0.5045,1.0345
GCGR,callithrix_jacchus,0.459611,1.8742,4.0778
GCGR,mus_musculus,0.6887,1.9734,2.8654
GCGR,rattus_norvegicus,2.053839,5.005,2.4369
GCGR,bos_taurus,0.26995,0.5328,1.9737
GCGR,canis_lupus_familiaris,0.55569,2.3928,4.306
GCGR,loxodonta_africana,0.402078,1.61,4.0042
GCGR,tursiops_truncatus,0.59609,2.1222,3.5602
GCGR,vulpes_vulpes,0.357454,1.4612,4.0878
GCGR,ursus_americanus,0.403693,1.6679,4.1316
GCK,pan_troglodytes,0.450416,1.8472,4.1011
GCK,gorilla_gorilla,0.053191,0.001,0.0188
GCK,pongo_abelii,1.151685,3.7963,3.2963
GCK,macaca_mulatta,0.478437,1.9747,4.1274
GCK,callithrix_jacchus,1.185444,2.8146,2.3743
GCK,mus_musculus,0.107105,0.0811,0.7572
GCK,rattus_norvegicus,0.39799,1.8454,4.6368
GCK,bos_taurus,0.593268,1.581,2.6649
GCK,canis_lupus_familiaris,0.50245,1.0971,2.1835
GCK,loxodonta_africana,0.475303,1.9188,4.037
GCK,tursiops_truncatus,0.426362,0.4962,1.1638
GCK,vulpes_vulpes,0.455488,2.1044,4.6201
GCK,ursus_americanus,0.901343,2.4357,2.7023
HK1,pan_troglodytes,0.566038,0.003,0.0053
HK1,gorilla_gorilla,0.485322,2.1955,4.5238
HK1,pongo_abelii,0.486936,0.041,0.0842
HK1,macaca_mulatta,0.467965,2.1262,4.5435
HK1,callithrix_jacchus,1.705388,5.476,3.211
HK1,mus_musculus,0.538286,2.459,4.5682
HK1,rattus_norvegicus,0.512539,2.2993,4.4861
HK1,bos_taurus,1.314287,2.7579,2.0984
HK1,canis_lupus_familiaris,0.48949,2.21,4.5149
HK1,loxodonta_africana,4.468669,5.698,1.2751
HK1,tursiops_truncatus,0.490994,2.2407,4.5636
HK1,vulpes_vulpes,0.506524,2.1893,4.3222
HK1,ursus_americanus,0.958749,2.5264,2.6351
HK2,pan_troglodytes,0.427908,1.8516,4.3271
HK2,gorilla_gorilla,0.427793,1.8517,4.3285
HK2,pongo_abelii,0.056689,0.0025,0.0441
HK2,macaca_mulatta,0.475642,2.0962,4.4071
HK2,callithrix_jacchus,0.495458,2.2143,4.4692
HK2,mus_musculus,0.038652,0.032,0.8279
HK2,rattus_norvegicus,0.550336,2.4299,4.4153
HK2,bos_taurus,0.491691,2.1243,4.3204
HK2,canis_lupus_familiaris,0.471091,2.063,4.3792
HK2,loxodonta_africana,0.051451,0.0234,0.4548
HK2,tursiops_truncatus,3.228097,5.4458,1.687
HK2,vulpes_vulpes,0.474811,2.213,4.6608
HK2,ursus_americanus,0.139986,0.0982,0.7015
HK3,pan_troglodytes,0.517659,2.3598,4.5586
HK3,gorilla_gorilla,1.930585,5.4456,2.8207
HK3,pongo_abelii,0.50011,2.2709,4.5408
HK3,macaca_mulatta,0.533964,2.4376,4.5651
HK3,callithrix_jacchus,0.580845,2.6806,4.615
HK3,mus_musculus,0.607262,2.7928,4.599
HK3,rattus_norvegicus,1.149193,2.4926,2.169
HK3,bos_taurus,0.510579,2.3336,4.5705
HK3,canis_lupus_familiaris,0.817712,2.4515,2.998
HK3,loxodonta_africana,0.503015,2.277,4.5267
HK3,tursiops_truncatus,1.831565,5.5229,3.0154
HK3,vulpes_vulpes,0.871384,2.3374,2.6824
HK3,ursus_americanus,2.03422,5.2491,2.5804
INS,pan_troglodytes,0.90781,0.4254,0.4686
INS,gorilla_gorilla,0.853251,0.4134,0.4845
INS,pongo_abelii,0.747308,0.8745,1.1702
INS,macaca_mulatta,0.027422,0.0077,0.2808
INS,callithrix_jacchus,0.646147,0.3044,0.4711
INS,mus_musculus,0.285241,0.4045,1.4181
INS,rattus_norvegicus,0.120835,0.1019,0.8433
INS,bos_taurus,0.226641,0.3117,1.3753
INS,canis_lupus_familiaris,0.046393,0.0611,1.317
INS,loxodonta_africana,0.297958,0.3633,1.2193
INS,vulpes_vulpes,0.046093,0.061,1.3234
INS,ursus_americanus,0.351739,0.4198,1.1935
INSR,pan_troglodytes,0.033445,0.001,0.0299
INSR,gorilla_gorilla,0.263369,0.9796,3.7195
INSR,pongo_abelii,0.032787,0.0016,0.0488
INSR,macaca_mulatta,0.535034,0.9041,1.6898
INSR,callithrix_jacchus,0.144907,0.0303,0.2091
INSR,mus_musculus,1.050463,1.7028,1.621
INSR,rattus_norvegicus,0.287808,0.6284,2.1834
INSR,bos_taurus,0.028779,0.0186,0.6463
INSR,canis_lupus_familiaris,0.137134,0.4087,2.9803
INSR,loxodonta_africana,0.430015,2.1619,5.0275
INSR,tursiops_truncatus,0.023536,0.017,0.7223
INSR,vulpes_vulpes,0.49035,2.4238,4.943
INSR,ursus_americanus,0.463333,2.2398,4.8341
IRS1,pan_troglodytes,0.705208,0.3629,0.5146
IRS1,gorilla_gorilla,0.665271,0.3655,0.5494
IRS1,pongo_abelii,0.606647,0.2318,0.3821
IRS1,macaca_mulatta,0.603574,0.3817,0.6324
IRS1,callithrix_jacchus,0.425893,2.1422,5.0299
IRS1,mus_musculus,0.307074,1.5537,5.0597
IRS1,rattus_norvegicus,0.519088,1.478,2.8473
IRS1,bos_taurus,0.278834,0.2391,0.8575
IRS1,canis_lupus_familiaris,0.280325,1.3813,4.9275
IRS1,loxodonta_africana,0.371156,0.6107,1.6454
IRS1,vulpes_vulpes,0.207477,0.3596,1.7332
IRS1,ursus_americanus,0.383363,0.4074,1.0627
IRS2,pan_troglodytes,0.485408,0.3626,0.747
IRS2,gorilla_gorilla,0.318194,0.8211,2.5805
IRS2,pongo_abelii,0.363756,0.3599,0.9894
IRS2,macaca_mulatta,0.392364,0.927,2.3626
IRS2,callithrix_jacchus,0.292277,0.3951,1.3518
IRS2,mus_musculus,0.231471,1.1696,5.0529
IRS2,rattus_norvegicus,0.308123,1.5575,5.0548
IRS2,bos_taurus,0.196598,0.9546,4.8556
IRS2,canis_lupus_familiaris,0.338744,1.6633,4.9102
IRS2,loxodonta_africana,0.355693,1.7631,4.9568
IRS2,vulpes_vulpes,0.299605,1.4248,4.7556
IRS2,ursus_americanus,0.353017,1.6966,4.806
LDHA,pan_troglodytes,3.005693,4.963,1.6512
LDHA,gorilla_gorilla,0.131313,0.0013,0.0099
LDHA,pongo_abelii,0.035616,0.0013,0.0365
LDHA,mus_musculus,0.777323,2.9267,3.7651
LDHA,bos_taurus,2.673973,4.9284,1.8431
LDHA,loxodonta_africana,4.03822,4.9448,1.2245
LDHA,tursiops_truncatus,4.176301,4.9343,1.1815
LDHA,ursus_americanus,3.040779,4.9662,1.6332
LDHB,pan_troglodytes,-0.0,-0.0,0.007
LDHB,pongo_abelii,-0.0,-0.0,0.0137
LDHB,macaca_mulatta,-0.0,-0.0,0.0447
LDHB,callithrix_jacchus,1.315559,0.9597,0.7295
LDHB,rattus_norvegicus,0.013499,0.0102,0.7556
LDHB,bos_taurus,0.03989,0.0102,0.2557
LDHB,loxodonta_africana,1.611345,3.136,1.9462
LDHB,tursiops_truncatus,0.552337,0.2517,0.4557
LEP,pan_troglodytes,0.112971,0.0027,0.0239
LEP,gorilla_gorilla,0.496894,0.008,0.0161
LEP,pongo_abelii,0.266667,0.0108,0.0405
LEP,macaca_mulatta,0.676286,0.0539,0.0797
LEP,callithrix_jacchus,0.88219,0.1595,0.1808
LEP,mus_musculus,0.1659,0.1046,0.6305
LEP,rattus_norvegicus,0.20182,0.1087,0.5386
LEP,bos_taurus,2.861881,4.4528,1.5559
LEP,canis_lupus_familiaris,0.728388,0.9858,1.3534
LEP,loxodonta_africana,0.33761,0.0842,0.2494
LEP,tursiops_truncatus,0.23908,0.0717,0.2999
LEP,vulpes_vulpes,0.272399,0.0906,0.3326
LEP,ursus_americanus,0.749773,2.1496,2.867
LEPR,pan_troglodytes,0.439655,0.0051,0.0116
LEPR,gorilla_gorilla,4.003163,5.6953,1.4227
LEPR,pongo_abelii,0.564972,0.01,0.0177
LEPR,macaca_mulatta,0.442725,2.1686,4.8983
LEPR,callithrix_jacchus,0.7502,0.1877,0.2502
LEPR,mus_musculus,0.826885,1.4148,1.711
LEPR,rattus_norvegicus,0.854384,1.4111,1.6516
LEPR,bos_taurus,0.528877,0.163,0.3082
LEPR,canis_lupus_familiaris,0.677772,0.3723,0.5493
LEPR,loxodonta_africana,4.103629,5.6429,1.3751
LEPR,tursiops_truncatus,0.627025,0.1935,0.3086
LEPR,vulpes_vulpes,0.433382,0.1184,0.2732
LEPR,ursus_americanus,0.578037,0.2574,0.4453
LPL,pan_troglodytes,0.050251,0.001,0.0199
LPL,gorilla_gorilla,0.066225,0.002,0.0302
LPL,pongo_abelii,0.099379,0.0048,0.0483
LPL,macaca_mulatta,0.029382,0.0029,0.0987
LPL,callithrix_jacchus,0.076027,0.0124,0.1631
LPL,mus_musculus,0.076741,0.0453,0.5903
LPL,rattus_norvegicus,0.489163,2.0854,4.2632
LPL,bos_taurus,0.761702,2.4312,3.1918
LPL,canis_lupus_familiaris,1.16606,2.5005,2.1444
LPL,loxodonta_africana,0.192973,0.0703,0.3643
LPL,tursiops_truncatus,0.906728,2.1241,2.3426
LPL,vulpes_vulpes,1.042574,2.586,2.4804
LPL,ursus_americanus,0.934424,1.8966,2.0297
PCK1,pan_troglodytes,0.083582,0.0028,0.0335
PCK1,gorilla_gorilla,0.112853,0.0036,0.0319
PCK1,pongo_abelii,0.089457,0.0056,0.0626
PCK1,macaca_mulatta,0.089974,0.0105,0.1167
PCK1,callithrix_jacchus,0.163956,0.0373,0.2275
PCK1,mus_musculus,0.043635,0.0472,1.0817
PCK1,rattus_norvegicus,0.054543,0.0868,1.5914
PCK1,bos_taurus,0.088178,0.199,2.2568
PCK1,canis_lupus_familiaris,0.077096,0.0515,0.668
PCK1,loxodonta_africana,0.17471,0.286,1.637
PCK1,tursiops_truncatus,0.084553,0.0601,0.7108
PCK1,vulpes_vulpes,0.072056,0.0517,0.7175
PCK1,ursus_americanus,0.076775,0.056,0.7294
PCK2,pan_troglodytes,0.840072,2.2482,2.6762
PCK2,gorilla_gorilla,1.777678,4.3386,2.4406
PCK2,pongo_abelii,1.009322,0.7471,0.7402
PCK2,macaca_mulatta,0.926585,0.7497,0.8091
PCK2,callithrix_jacchus,0.520629,2.2979,4.4137
PCK2,mus_musculus,0.57865,0.8093,1.3986
PCK2,rattus_norvegicus,0.476573,2.1441,4.499
PCK2,bos_taurus,0.597346,0.7833,1.3113
PCK2,canis_lupus_familiaris,0.939675,2.2976,2.4451
PCK2,loxodonta_africana,1.270626,3.5899,2.8253
PCK2,tursiops_truncatus,0.536693,0.6933,1.2918
PCK2,vulpes_vulpes,0.645958,0.7871,1.2185
PCK2,ursus_americanus,0.68761,0.7792,1.1332
PFKL,pan_troglodytes,0.309217,1.3963,4.5156
PFKL,gorilla_gorilla,0.309537,1.3979,4.5161
PFKL,pongo_abelii,0.309709,1.4001,4.5207
PFKL,macaca_mulatta,0.395663,1.7662,4.4639
PFKL,callithrix_jacchus,0.307024,1.3782,4.4889
PFKL,mus_musculus,0.351591,1.6253,4.6227
PFKL,rattus_norvegicus,0.417665,1.5926,3.8131
PFKL,bos_taurus,0.307377,1.378,4.4831
PFKL,canis_lupus_familiaris,0.301468,1.3324,4.4197
PFKL,loxodonta_africana,0.442106,2.0126,4.5523
PFKL,tursiops_truncatus,0.423167,1.839,4.3458
PFKL,vulpes_vulpes,0.412183,1.831,4.4422
PFKL,ursus_americanus,0.415143,1.7759,4.2778
PFKM,pan_troglodytes,1.303758,2.019,1.5486
PFKM,gorilla_gorilla,1.375616,2.0388,1.4821
PFKM,pongo_abelii,0.870578,2.6059,2.9933
PFKM,macaca_mulatta,4.069591,5.5847,1.3723
PFKM,callithrix_jacchus,1.734419,3.0139,1.7377
PFKM,mus_musculus,1.391597,2.7125,1.9492
PFKM,rattus_norvegicus,0.866124,2.9236,3.3755
PFKM,bos_taurus,0.851402,3.0189,3.5458
PFKM,canis_lupus_familiaris,0.54523,2.5598,4.6949
PFKM,loxodonta_africana,3.956143,5.5837,1.4114
PFKM,tursiops_truncatus,1.501791,2.0962,1.3958
PFKM,vulpes_vulpes,3.377557,5.3666,1.5889
PFKM,ursus_americanus,1.106712,1.9705,1.7805
PFKP,pan_troglodytes,0.474831,2.229,4.6943
PFKP,gorilla_gorilla,0.726612,2.5305,3.4826
PFKP,pongo_abelii,0.449426,2.1079,4.6902
PFKP,macaca_mulatta,0.409575,1.824,4.4534
PFKP,callithrix_jacchus,0.437489,0.2572,0.5879
PFKP,mus_musculus,3.549404,5.5967,1.5768
PFKP,rattus_norvegicus,0.13829,0.327,2.3646
PFKP,bos_taurus,0.388933,1.7325,4.4545
PFKP,canis_lupus_familiaris,0.389237,1.7504,4.497
PFKP,loxodonta_africana,0.593328,2.0366,3.4325
PFKP,tursiops_truncatus,0.733861,2.2167,3.0206
PFKP,vulpes_vulpes,0.619297,1.785,2.8823
PFKP,ursus_americanus,0.163291,0.2894,1.7723
PGAM1,pan_troglodytes,0.738351,0.0206,0.0279
PGAM1,pongo_abelii,2.274725,0.0207,0.0091
PGAM1,macaca_mulatta,0.506389,1.8864,3.7252
PGAM1,callithrix_jacchus,0.951981,2.0162,2.1179
PGAM1,mus_musculus,0.056648,0.0242,0.4272
PGAM1,rattus_norvegicus,0.598195,2.3064,3.8556
PGAM1,bos_taurus,0.072636,0.0202,0.2781
PGAM1,tursiops_truncatus,0.820179,1.3779,1.68
PGAM1,ursus_americanus,0.089507,0.0238,0.2659
PGK1,pongo_abelii,1.049394,0.2252,0.2146
PGK1,macaca_mulatta,0.906439,0.2393,0.264
PGK1,callithrix_jacchus,0.723377,0.2262,0.3127
PGK1,mus_musculus,0.417249,0.2269,0.5438
PGK1,rattus_norvegicus,4.55183,5.063,1.1123
PGK1,bos_taurus,2.877286,4.6566,1.6184
PGK1,canis_lupus_familiaris,0.525965,0.237,0.4506
PGK1,loxodonta_africana,0.544475,0.2375,0.4362
PGK1,tursiops_truncatus,0.580607,0.2431,0.4187
PGK1,vulpes_vulpes,0.519982,0.229,0.4404
PGK1,ursus_americanus,0.486435,0.2313,0.4755
PGK2,pan_troglodytes,0.471119,0.0261,0.0554
PGK2,gorilla_gorilla,0.211009,0.0046,0.0218
PGK2,pongo_abelii,0.145833,0.0035,0.024
PGK2,macaca_mulatta,3.336506,5.0478,1.5129
PGK2,callithrix_jacchus,0.210191,0.0198,0.0942
PGK2,mus_musculus,0.137681,0.0798,0.5796
PGK2,rattus_norvegicus,0.188706,0.1213,0.6428
PGK2,bos_taurus,0.12533,0.0522,0.4165
PGK2,canis_lupus_familiaris,0.160472,0.0734,0.4574
PGK2,loxodonta_africana,0.14939,0.0539,0.3608
PGK2,vulpes_vulpes,0.128759,0.0501,0.3891
PGK2,ursus_americanus,0.282844,0.1464,0.5176
PGM1,pan_troglodytes,0.885057,0.693,0.783
PGM1,gorilla_gorilla,0.87237,0.6924,0.7937
PGM1,pongo_abelii,0.863205,0.6916,0.8012
PGM1,macaca_mulatta,0.849281,0.6852,0.8068
PGM1,callithrix_jacchus,2.379711,5.386,2.2633
PGM1,mus_musculus,0.412056,0.7232,1.7551
PGM1,rattus_norvegicus,3.635415,5.3317,1.4666
PGM1,bos_taurus,0.471766,2.0853,4.4202
PGM1,canis_lupus_familiaris,0.576297,0.7119,1.2353
PGM1,loxodonta_africana,0.482123,2.1427,4.4443
PGM1,tursiops_truncatus,2.770765,5.224,1.8854
PGM1,vulpes_vulpes,0.585248,0.703,1.2012
PGM1,ursus_americanus,2.369184,5.3418,2.2547
PGM2,pan_troglodytes,0.180791,0.0032,0.0177
PGM2,gorilla_gorilla,0.08805,0.0014,0.0159
PGM2,pongo_abelii,0.984075,0.2101,0.2135
PGM2,macaca_mulatta,0.142438,0.0097,0.0681
PGM2,callithrix_jacchus,0.103068,0.0131,0.1271
PGM2,mus_musculus,0.653438,2.9127,4.4575
PGM2,rattus_norvegicus,0.64157,2.887,4.4999
PGM2,bos_taurus,0.146604,0.0531,0.3622
PGM2,canis_lupus_familiaris,1.250867,2.7758,2.2191
PGM2,loxodonta_africana,0.459575,2.0367,4.4317
PGM2,tursiops_truncatus,0.127592,0.04,0.3135
PGM2,vulpes_vulpes,4.715617,5.3145,1.127
PGM2,ursus_americanus,0.503864,2.2687,4.5026
PIK3R1,pan_troglodytes,0.880389,0.1266,0.1438
PIK3R1,gorilla_gorilla,0.703145,1.348,1.9171
PIK3R1,pongo_abelii,0.777711,0.1291,0.166
PIK3R1,macaca_mulatta,0.822034,0.1358,0.1652
PIK3R1,callithrix_jacchus,0.531641,0.1361,0.256
PIK3R1,mus_musculus,0.153632,0.1542,1.0037
PIK3R1,rattus_norvegicus,4.812199,5.0966,1.0591
PIK3R1,bos_taurus,4.16141,5.0274,1.2081
PIK3R1,canis_lupus_familiaris,0.823508,1.3298,1.6148
PIK3R1,loxodonta_africana,0.373801,0.1481,0.3962
PIK3R1,tursiops_truncatus,0.06403,0.0191,0.2983
PIK3R1,vulpes_vulpes,0.553718,1.3328,2.407
PIK3R1,ursus_americanus,0.492443,1.2349,2.5077
PKLR,pan_troglodytes,1.143625,2.681,2.3443
PKLR,gorilla_gorilla,1.237014,2.7672,2.237
PKLR,pongo_abelii,0.065714,0.0023,0.035
PKLR,macaca_mulatta,0.09436,0.0087,0.0922
PKLR,callithrix_jacchus,0.070355,0.0117,0.1663
PKLR,mus_musculus,0.084574,0.0483,0.5711
PKLR,rattus_norvegicus,1.22392,3.6053,2.9457
PKLR,bos_taurus,0.754536,2.4785,3.2848
PKLR,canis_lupus_familiaris,0.096126,0.0402,0.4182
PKLR,loxodonta_africana,0.067961,0.0266,0.3914
PKLR,tursiops_truncatus,1.079421,1.8049,1.6721
PKLR,vulpes_vulpes,0.097533,0.0427,0.4378
PKLR,ursus_americanus,0.767821,2.2296,2.9038
PKM,pan_troglodytes,3.600218,5.2952,1.4708
PKM,gorilla_gorilla,3.677728,5.2974,1.4404
PKM,macaca_mulatta,1.569099,3.3778,2.1527
PKM,callithrix_jacchus,3.416908,5.2986,1.5507
PKM,mus_musculus,3.382633,5.3016,1.5673
PKM,rattus_norvegicus,2.281609,5.3198,2.3316
PKM,bos_taurus,3.046828,5.3027,1.7404
PKM,canis_lupus_familiaris,1.368409,3.6724,2.6837
PKM,loxodonta_africana,1.106501,2.16,1.9521
PKM,tursiops_truncatus,2.873145,5.3044,1.8462
PKM,vulpes_vulpes,0.587969,2.6341,4.48
PKM,ursus_americanus,2.360085,5.3109,2.2503
PLIN1,pan_troglodytes,0.804699,0.9967,1.2386
PLIN1,gorilla_gorilla,0.793984,0.9924,1.2499
PLIN1,pongo_abelii,0.529704,2.7489,5.1895
PLIN1,macaca_mulatta,0.797884,0.9956,1.2478
PLIN1,callithrix_jacchus,0.524653,0.9534,1.8172
PLIN1,mus_musculus,0.628037,1.0107,1.6093
PLIN1,rattus_norvegicus,0.523153,2.2889,4.3752
PLIN1,bos_taurus,0.711151,0.9853,1.3855
PLIN1,canis_lupus_familiaris,0.390433,0.9835,2.519
PLIN1,loxodonta_africana,0.465887,1.0591,2.2733
PLIN1,tursiops_truncatus,0.591921,0.8719,1.473
PLIN1,vulpes_vulpes,0.548986,0.961,1.7505
PLIN1,ursus_americanus,0.504915,0.9811,1.9431
PPARD,pongo_abelii,0.08137,0.0038,0.0467
PPARD,macaca_mulatta,0.014582,0.0019,0.1303
PPARD,callithrix_jacchus,0.026696,0.0074,0.2772
PPARD,mus_musculus,0.892871,1.8111,2.0284
PPARD,rattus_norvegicus,0.473047,1.8042,3.814
PPARD,bos_taurus,0.323984,1.2695,3.9184
PPARD,canis_lupus_familiaris,0.263727,0.4832,1.8322
PPARD,loxodonta_africana,0.050312,0.0234,0.4651
PPARD,tursiops_truncatus,0.041852,0.0179,0.4277
PPARD,vulpes_vulpes,0.023553,0.0166,0.7048
PPARD,ursus_americanus,0.02906,0.0165,0.5678
PPARG,pan_troglodytes,0.139706,0.0019,0.0136
PPARG,gorilla_gorilla,0.065972,0.0019,0.0288
PPARG,pongo_abelii,2.355869,5.2166,2.2143
PPARG,macaca_mulatta,0.582405,2.4461,4.2
PPARG,callithrix_jacchus,0.658117,2.8174,4.281
PPARG,mus_musculus,0.620944,2.6161,4.2131
PPARG,rattus_norvegicus,0.069816,0.0235,0.3366
PPARG,bos_taurus,3.020905,5.2745,1.746
PPARG,canis_lupus_familiaris,3.673582,5.2591,1.4316
PPARG,loxodonta_africana,0.077007,0.0211,0.274
PPARG,tursiops_truncatus,0.034887,0.011,0.3153
PPARG,vulpes_vulpes,0.569895,2.3882,4.1906
PPARG,ursus_americanus,0.593639,2.4956,4.2039
PPARGC1A,pan_troglodytes,0.825675,0.6451,0.7813
PPARGC1A,gorilla_gorilla,0.727478,0.7413,1.019
PPARGC1A,pongo_abelii,0.727969,0.7418,1.019
PPARGC1A,macaca_mulatta,0.691106,0.7522,1.0884
PPARGC1A,callithrix_jacchus,0.467371,2.208,4.7243
PPARGC1A,mus_musculus,0.44439,2.0777,4.6754
PPARGC1A,rattus_norvegicus,0.565834,2.6399,4.6655
PPARGC1A,bos_taurus,0.684547,2.0227,2.9548
PPARGC1A,canis_lupus_familiaris,0.425877,1.9917,4.6767
PPARGC1A,loxodonta_africana,5.091287,5.5103,1.0823
PPARGC1A,tursiops_truncatus,0.490158,2.042,4.166
PPARGC1A,vulpes_vulpes,0.433928,2.0438,4.71
PPARGC1A,ursus_americanus,4.532427,5.4371,1.1996
PYGB,pan_troglodytes,0.537413,0.8238,1.5329
PYGB,gorilla_gorilla,0.409676,1.7977,4.3881
PYGB,pongo_abelii,0.458224,0.8221,1.7941
PYGB,macaca_mulatta,0.434962,1.9963,4.5896
PYGB,callithrix_jacchus,0.542512,2.4993,4.6069
PYGB,mus_musculus,0.19167,0.8744,4.562
PYGB,rattus_norvegicus,0.187619,0.848,4.5198
PYGB,bos_taurus,0.187364,0.8419,4.4934
PYGB,canis_lupus_familiaris,0.336043,0.8476,2.5223
PYGB,loxodonta_africana,0.438547,1.9432,4.431
PYGB,tursiops_truncatus,0.351265,1.5619,4.4465
PYGB,vulpes_vulpes,0.277164,0.8752,3.1577
PYGB,ursus_americanus,0.227357,0.8226,3.6181
PYGL,pan_troglodytes,0.932774,0.8672,0.9297
PYGL,gorilla_gorilla,0.979407,0.8656,0.8838
PYGL,pongo_abelii,0.950872,0.8671,0.9119
PYGL,macaca_mulatta,0.891103,0.9034,1.0138
PYGL,callithrix_jacchus,0.808024,0.8902,1.1017
PYGL,mus_musculus,0.450468,0.909,2.0179
PYGL,rattus_norvegicus,0.413303,1.0886,2.6339
PYGL,bos_taurus,0.498286,0.9014,1.809
PYGL,canis_lupus_familiaris,0.608893,0.8874,1.4574
PYGL,loxodonta_africana,0.662141,0.9217,1.392
PYGL,tursiops_truncatus,0.486887,2.2389,4.5984
PYGL,vulpes_vulpes,0.573786,2.6455,4.6106
PYGL,ursus_americanus,0.527043,0.9082,1.7232
PYGM,pan_troglodytes,0.400602,0.8524,2.1278
PYGM,gorilla_gorilla,0.243221,1.1033,4.5362
PYGM,pongo_abelii,0.345378,0.8497,2.4602
PYGM,macaca_mulatta,0.402626,0.8526,2.1176
PYGM,callithrix_jacchus,0.359741,0.8496,2.3617
PYGM,mus_musculus,0.186899,0.8591,4.5966
PYGM,rattus_norvegicus,0.358792,0.971,2.7063
PYGM,bos_taurus,0.279316,1.2467,4.4634
PYGM,canis_lupus_familiaris,0.374903,0.8679,2.315
PYGM,loxodonta_africana,0.35353,0.8682,2.4558
PYGM,tursiops_truncatus,0.394228,0.8783,2.2279
PYGM,vulpes_vulpes,0.406194,1.8243,4.4912
PYGM,ursus_americanus,0.282933,0.843,2.9795
RPE,pan_troglodytes,1.08054,0.4964,0.4594
RPE,gorilla_gorilla,1.126965,0.4731,0.4198
RPE,pongo_abelii,1.155758,0.4185,0.3621
RPE,macaca_mulatta,0.948241,0.5093,0.5371
RPE,callithrix_jacchus,1.223077,0.4293,0.351
RPE,rattus_norvegicus,0.590057,0.4783,0.8106
RPE,bos_taurus,0.689812,2.577,3.7358
RPE,canis_lupus_familiaris,0.758583,0.559,0.7369
RPE,loxodonta_africana,0.831762,0.5295,0.6366
RPE,tursiops_truncatus,2.962467,4.3806,1.4787
RPE,vulpes_vulpes,0.53634,0.4745,0.8847
RPE,ursus_americanus,3.392686,4.3233,1.2743
SLC2A1,pan_troglodytes,0.142857,0.0009,0.0063
SLC2A1,gorilla_gorilla,-0.0,-0.0,0.022
SLC2A1,pongo_abelii,0.078475,0.0035,0.0446
SLC2A1,macaca_mulatta,0.029094,0.0035,0.1203
SLC2A1,callithrix_jacchus,0.042069,0.0061,0.145
SLC2A1,mus_musculus,0.024588,0.0161,0.6548
SLC2A1,rattus_norvegicus,0.923191,2.4844,2.6911
SLC2A1,bos_taurus,0.036425,0.0174,0.4777
SLC2A1,canis_lupus_familiaris,0.038166,0.0134,0.3511
SLC2A1,loxodonta_africana,0.561652,1.5446,2.7501
SLC2A1,tursiops_truncatus,0.482047,2.0756,4.3058
SLC2A1,vulpes_vulpes,0.374221,1.5965,4.2662
SLC2A1,ursus_americanus,0.042407,0.0117,0.2759
SLC2A2,pan_troglodytes,0.052023,0.0009,0.0173
SLC2A2,gorilla_gorilla,0.217647,0.0037,0.017
SLC2A2,pongo_abelii,0.182119,0.0055,0.0302
SLC2A2,macaca_mulatta,0.198488,0.0105,0.0529
SLC2A2,callithrix_jacchus,0.322353,0.0274,0.085
SLC2A2,mus_musculus,1.004978,1.5546,1.5469
SLC2A2,rattus_norvegicus,2.760113,5.2536,1.9034
SLC2A2,bos_taurus,3.347593,5.243,1.5662
SLC2A2,canis_lupus_familiaris,0.228211,0.0796,0.3488
SLC2A2,loxodonta_africana,0.30222,0.1198,0.3964
SLC2A2,tursiops_truncatus,0.249439,0.0667,0.2674
SLC2A2,vulpes_vulpes,0.217722,0.0774,0.3555
SLC2A2,ursus_americanus,3.138427,5.2622,1.6767
SLC2A3,pan_troglodytes,2.579989,5.2397,2.0309
SLC2A3,gorilla_gorilla,2.608551,5.2411,2.0092
SLC2A3,pongo_abelii,2.263074,5.2449,2.3176
SLC2A3,macaca_mulatta,3.022147,5.2126,1.7248
SLC2A3,callithrix_jacchus,1.598457,3.5847,2.2426
SLC2A4,pan_troglodytes,1.547237,2.6908,1.7391
SLC2A4,gorilla_gorilla,0.07438,0.0009,0.0121
SLC2A4,pongo_abelii,0.07377,0.0027,0.0366
SLC2A4,macaca_mulatta,0.042303,0.0036,0.0851
SLC2A4,callithrix_jacchus,0.091975,0.0102,0.1109
SLC2A4,mus_musculus,0.058142,0.0296,0.5091
SLC2A4,rattus_norvegicus,0.143,0.0857,0.5993
SLC2A4,bos_taurus,0.061383,0.0261,0.4252
SLC2A4,canis_lupus_familiaris,0.397901,0.2578,0.6479
SLC2A4,loxodonta_africana,0.07394,0.0286,0.3868
SLC2A4,tursiops_truncatus,0.544229,0.8152,1.4979
SLC2A4,vulpes_vulpes,0.050767,0.0225,0.4432
SLC2A4,ursus_americanus,0.05168,0.022,0.4257
SLC2A5,pan_troglodytes,0.084507,0.0018,0.0213
SLC2A5,gorilla_gorilla,0.171329,0.0049,0.0286
SLC2A5,pongo_abelii,0.07958,0.0053,0.0666
SLC2A5,macaca_mulatta,0.687414,1.5915,2.3152
SLC2A5,callithrix_jacchus,0.117375,0.0254,0.2164
SLC2A5,mus_musculus,0.431545,1.6129,3.7375
SLC2A5,rattus_norvegicus,0.6187,1.7774,2.8728
SLC2A5,bos_taurus,0.137794,0.1147,0.8324
SLC2A5,canis_lupus_familiaris,1.116154,2.5772,2.309
SLC2A5,loxodonta_africana,0.856716,1.8362,2.1433
SLC2A5,tursiops_truncatus,0.979822,1.9521,1.9923
SLC2A5,vulpes_vulpes,0.174016,0.1251,0.7189
SLC2A5,ursus_americanus,0.098649,0.0796,0.8069
SLC5A1,pan_troglodytes,0.430769,0.0056,0.013
SLC5A1,gorilla_gorilla,0.711111,0.0096,0.0135
SLC5A1,pongo_abelii,0.375839,0.0112,0.0298
SLC5A1,macaca_mulatta,0.709045,0.1121,0.1581
SLC5A1,callithrix_jacchus,3.052229,5.3063,1.7385
SLC5A1,mus_musculus,0.187178,0.1527,0.8158
SLC5A1,rattus_norvegicus,1.243304,2.8039,2.2552
SLC5A1,bos_taurus,1.47398,2.7049,1.8351
SLC5A1,canis_lupus_familiaris,0.272421,0.1455,0.5341
SLC5A1,loxodonta_africana,1.370057,2.9796,2.1748
SLC5A1,tursiops_truncatus,0.195754,0.0627,0.3203
SLC5A1,vulpes_vulpes,1.539586,5.4138,3.5164
SLC5A1,ursus_americanus,2.6076,5.4212,2.079
SLC5A2,pan_troglodytes,0.271739,0.0025,0.0092
SLC5A2,gorilla_gorilla,0.169312,0.0032,0.0189
SLC5A2,pongo_abelii,0.103825,0.0057,0.0549
SLC5A2,macaca_mulatta,0.725456,2.1097,2.9081
SLC5A2,callithrix_jacchus,0.092549,0.0195,0.2107
SLC5A2,mus_musculus,0.695873,2.1078,3.029
SLC5A2,rattus_norvegicus,1.262318,2.1366,1.6926
SLC5A2,bos_taurus,0.148405,0.1154,0.7776
SLC5A2,loxodonta_africana,0.793029,2.025,2.5535
SLC5A2,tursiops_truncatus,0.177708,0.1191,0.6702
SLC5A2,vulpes_vulpes,0.141759,0.1143,0.8063
SLC5A2,ursus_americanus,0.156615,0.114,0.7279
SLC5A4,pan_troglodytes,0.320225,0.0057,0.0178
SLC5A4,gorilla_gorilla,1.412366,2.0879,1.4783
SLC5A4,pongo_abelii,0.523659,0.0166,0.0317
SLC5A4,macaca_mulatta,1.938303,4.524,2.334
SLC5A4,callithrix_jacchus,1.470973,1.685,1.1455
SLC5A4,mus_musculus,0.286461,0.1699,0.5931
SLC5A4,rattus_norvegicus,2.841409,5.4305,1.9112
SLC5A4,bos_taurus,3.57036,5.4423,1.5243
SLC5A4,canis_lupus_familiaris,0.352212,0.1449,0.4114
SLC5A4,loxodonta_africana,0.335466,0.1363,0.4063
SLC5A4,vulpes_vulpes,0.350835,0.145,0.4133
SLC5A4,ursus_americanus,2.010321,3.7591,1.8699
TALDO1,pan_troglodytes,0.505674,1.0961,2.1676
TALDO1,gorilla_gorilla,0.718673,1.1138,1.5498
TALDO1,pongo_abelii,0.57816,1.0748,1.859
TALDO1,macaca_mulatta,0.771435,2.4203,3.1374
TALDO1,callithrix_jacchus,0.826798,1.1576,1.4001
TALDO1,mus_musculus,0.475171,1.731,3.6429
TALDO1,rattus_norvegicus,0.37568,1.4978,3.9869
TALDO1,bos_taurus,0.365374,1.0149,2.7777
TALDO1,canis_lupus_familiaris,0.264434,1.0525,3.9802
TALDO1,loxodonta_africana,1.695274,4.9107,2.8967
TALDO1,tursiops_truncatus,1.285754,2.7717,2.1557
TALDO1,vulpes_vulpes,0.260867,1.0244,3.9269
TALDO1,ursus_americanus,0.446191,1.0585,2.3723
TKT,pan_troglodytes,0.842819,0.3791,0.4498
TKT,gorilla_gorilla,2.128836,3.7872,1.779
TKT,pongo_abelii,0.790279,0.3821,0.4835
TKT,macaca_mulatta,0.494175,2.1974,4.4466
TKT,callithrix_jacchus,0.449315,1.9352,4.307
TKT,mus_musculus,0.328816,0.3906,1.1879
TKT,rattus_norvegicus,1.304448,3.6308,2.7834
TKT,bos_taurus,1.334417,2.7513,2.0618
TKT,canis_lupus_familiaris,3.249391,5.4723,1.6841
TKT,loxodonta_africana,2.793592,5.4056,1.935
TKT,tursiops_truncatus,0.558058,0.4287,0.7682
TKT,vulpes_vulpes,0.413612,1.9089,4.6152
TKT,ursus_americanus,0.223109,0.6432,2.8829
TPI1,pan_troglodytes,-0.0,-0.0,0.023
TPI1,gorilla_gorilla,2.132102,4.7661,2.2354
TPI1,pongo_abelii,-0.0,-0.0,0.0316
TPI1,macaca_mulatta,0.044677,0.0047,0.1052
TPI1,callithrix_jacchus,0.047041,0.0062,0.1318
TPI1,mus_musculus,4.536365,4.7278,1.0422
TPI1,rattus_norvegicus,0.66437,2.5074,3.7741
TPI1,bos_taurus,0.124132,0.0447,0.3601
TPI1,canis_lupus_familiaris,0.088615,0.0295,0.3329
TPI1,loxodonta_africana,2.160679,4.7509,2.1988
TPI1,tursiops_truncatus,0.683099,2.4153,3.5358
TPI1,vulpes_vulpes,0.318524,0.1226,0.3849
TPI1,ursus_americanus,2.62215,4.7613,1.8158
TRPA1,pan_troglodytes,0.096386,0.0016,0.0166
TRPA1,gorilla_gorilla,0.17801,0.0034,0.0191
TRPA1,pongo_abelii,0.120603,0.0048,0.0398
TRPA1,macaca_mulatta,0.462663,2.2652,4.896
TRPA1,callithrix_jacchus,1.705207,2.8951,1.6978
TRPA1,mus_musculus,1.371444,2.5934,1.891
TRPA1,rattus_norvegicus,0.863776,2.504,2.8989
TRPA1,bos_taurus,1.009614,2.4573,2.4339
TRPA1,canis_lupus_familiaris,1.403657,2.3493,1.6737
TRPA1,loxodonta_africana,0.313576,1.2988,4.1419
TRPA1,vulpes_vulpes,1.454655,2.406,1.654
TRPA1,ursus_americanus,3.631461,5.8452,1.6096
TRPM8,pan_troglodytes,0.039024,0.0008,0.0205
TRPM8,gorilla_gorilla,0.023121,0.0008,0.0346
TRPM8,pongo_abelii,0.066362,0.0029,0.0437
TRPM8,macaca_mulatta,0.067492,0.006,0.0889
TRPM8,callithrix_jacchus,0.158223,0.0228,0.1441
TRPM8,mus_musculus,0.063032,0.0333,0.5283
TRPM8,rattus_norvegicus,0.057696,0.034,0.5893
TRPM8,bos_taurus,1.345661,2.8127,2.0902
TRPM8,canis_lupus_familiaris,0.064709,0.0227,0.3508
TRPM8,loxodonta_africana,1.061655,2.025,1.9074
TRPM8,tursiops_truncatus,0.461192,0.4195,0.9096
TRPM8,vulpes_vulpes,2.198217,4.8585,2.2102
TRPM8,ursus_americanus,2.586154,4.9049,1.8966
TRPV1,pan_troglodytes,0.677774,0.5858,0.8643
TRPV1,gorilla_gorilla,0.652918,0.5873,0.8995
TRPV1,pongo_abelii,0.089962,0.0095,0.1056
TRPV1,macaca_mulatta,0.56725,0.6031,1.0632
TRPV1,callithrix_jacchus,0.175505,0.6427,3.662
TRPV1,mus_musculus,0.350167,0.6691,1.9108
TRPV1,rattus_norvegicus,0.243128,1.3126,5.3988
TRPV1,bos_taurus,0.415457,1.8664,4.4924
TRPV1,canis_lupus_familiaris,0.381827,0.69,1.8071
UCP1,pan_troglodytes,0.280543,0.0062,0.0221
UCP1,gorilla_gorilla,0.43318,0.0094,0.0217
UCP1,pongo_abelii,0.297297,0.011,0.037
UCP1,macaca_mulatta,0.190933,0.0219,0.1147
UCP1,callithrix_jacchus,0.245914,0.0331,0.1346
UCP1,mus_musculus,0.189316,0.129,0.6814
UCP1,rattus_norvegicus,0.159351,0.1238,0.7769
UCP1,bos_taurus,1.036112,1.0415,1.0052
UCP1,canis_lupus_familiaris,3.224407,4.8221,1.4955
UCP1,loxodonta_africana,0.936755,0.511,0.5455
UCP1,vulpes_vulpes,2.073273,4.8668,2.3474
UCP1,ursus_americanus,1.259746,1.6189,1.2851
UCP2,pan_troglodytes,0.969064,0.2506,0.2586
UCP2,gorilla_gorilla,0.987454,0.244,0.2471
UCP2,pongo_abelii,0.979471,0.2481,0.2533
UCP2,macaca_mulatta,0.957731,0.2651,0.2768
UCP2,callithrix_jacchus,0.738794,0.267,0.3614
UCP2,mus_musculus,0.366782,0.265,0.7225
UCP2,rattus_norvegicus,0.370489,0.3018,0.8146
UCP2,bos_taurus,0.153237,0.0774,0.5051
UCP2,canis_lupus_familiaris,0.428846,0.2679,0.6247
UCP2,loxodonta_africana,0.423389,0.2661,0.6285
UCP2,tursiops_truncatus,0.477837,0.2846,0.5956
UCP2,vulpes_vulpes,0.461313,0.2671,0.579
UCP2,ursus_americanus,0.431407,0.2695,0.6247
UCP3,pan_troglodytes,0.085443,0.0027,0.0316
UCP3,gorilla_gorilla,0.160784,0.0041,0.0255
UCP3,pongo_abelii,0.177331,0.0097,0.0547
UCP3,macaca_mulatta,0.197165,0.0153,0.0776
UCP3,callithrix_jacchus,0.766621,0.4993,0.6513
UCP3,mus_musculus,0.316446,1.1268,3.5608
UCP3,rattus_norvegicus,0.426267,1.1233,2.6352
UCP3,bos_taurus,0.510158,0.5399,1.0583
UCP3,canis_lupus_familiaris,0.612929,0.3802,0.6203
UCP3,loxodonta_africana,0.629673,0.539,0.856
UCP3,tursiops_truncatus,0.484726,1.0235,2.1115
UCP3,vulpes_vulpes,0.520855,0.5457,1.0477
UCP3,ursus_americanus,0.368195,0.5323,1.4457
UGP2,pan_troglodytes,1.022826,1.8372,1.7962
UGP2,gorilla_gorilla,1.903499,3.7813,1.9865
UGP2,pongo_abelii,2.694435,5.2916,1.9639
UGP2,macaca_mulatta,1.85094,3.9264,2.1213
UGP2,callithrix_jacchus,1.247703,2.2954,1.8397
UGP2,mus_musculus,0.943744,1.8252,1.934
UGP2,rattus_norvegicus,1.151116,2.0986,1.8231
UGP2,bos_taurus,4.03734,5.2764,1.3069
UGP2,canis_lupus_familiaris,2.99582,5.2322,1.7465
UGP2,loxodonta_africana,0.811279,2.2139,2.7289
UGP2,tursiops_truncatus,1.092507,3.1379,2.8722
UGP2,vulpes_vulpes,3.067807,5.2889,1.724
UGP2,ursus_americanus,0.719753,1.8751,2.6052
