variant,rsid,gene,consequence,impact,aa_change
15-72410596-A-C,15_72410596_A/C,TMEM202,intron_variant,MODIFIER,
15-72414293-C-A,15_72414293_C/A,TMEM202-AS1,intron_variant,MODIFIER,
15-72414359-C-T,15_72414359_C/T,TMEM202-AS1,intron_variant,MODIFIER,
15-72414620-T-C,15_72414620_T/C,TMEM202-AS1,intron_variant,MODIFIER,
15-72414625-T-C,15_72414625_T/C,TMEM202-AS1,intron_variant,MODIFIER,
15-72421617-A-G,15_72421617_A/G,TMEM202-AS1,splice_polypyrimidine_tract_variant,LOW,
15-72427241-C-T,15_72427241_C/T,TMEM202-AS1,intron_variant,MODIFIER,
15-72428059-T-C,15_72428059_T/C,TMEM202-AS1,intron_variant,MODIFIER,
15-72434034-C-T,15_72434034_C/T,TMEM202-AS1,intron_variant,MODIFIER,
15-72434036-G-A,15_72434036_G/A,TMEM202-AS1,intron_variant,MODIFIER,
15-72434053-T-C,15_72434053_T/C,TMEM202-AS1,intron_variant,MODIFIER,
15-72434111-C-A,15_72434111_C/A,TMEM202-AS1,intron_variant,MODIFIER,
15-72434126-G-T,15_72434126_G/T,TMEM202-AS1,intron_variant,MODIFIER,
15-72434155-A-C,15_72434155_A/C,TMEM202-AS1,intron_variant,MODIFIER,
15-72434196-G-A,15_72434196_G/A,TMEM202-AS1,intron_variant,MODIFIER,
15-72434201-G-A,15_72434201_G/A,TMEM202-AS1,intron_variant,MODIFIER,
15-72434386-C-T,15_72434386_C/T,TMEM202-AS1,intron_variant,MODIFIER,
15-72434394-A-T,15_72434394_A/T,TMEM202-AS1,intron_variant,MODIFIER,
15-72434413-G-A,15_72434413_G/A,TMEM202-AS1,intron_variant,MODIFIER,
15-72434467-T-G,15_72434467_T/G,TMEM202-AS1,intron_variant,MODIFIER,
15-72434551-G-A,15_72434551_G/A,TMEM202-AS1,intron_variant,MODIFIER,
15-72434566-A-C,15_72434566_A/C,TMEM202-AS1,intron_variant,MODIFIER,
11-18407210-T-C,11_18407210_T/C,LDHA,missense_variant,MODIFIER,
11-18407237-A-C,11_18407237_A/C,LDHA,splice_acceptor_variant,MODIFIER,
11-18407245-T-C,11_18407245_T/C,LDHA,missense_variant,MODIFIER,
11-18407266-G-A,11_18407266_G/A,LDHA,splice_acceptor_variant,MODIFIER,
11-18407333-G-T,11_18407333_G/T,LDHA,missense_variant,MODIFIER,
11-18407344-G-A,11_18407344_G/A,LDHA,missense_variant,MODIFIER,
11-18407415-C-T,11_18407415_C/T,LDHA,3_prime_UTR_variant,MODIFIER,
11-18407433-A-G,11_18407433_A/G,LDHA,3_prime_UTR_variant,MODIFIER,
11-18407781-A-G,11_18407781_A/G,LDHA,3_prime_UTR_variant,MODIFIER,
11-18407782-C-T,11_18407782_C/T,LDHA,3_prime_UTR_variant,MODIFIER,
11-18407793-A-G,11_18407793_A/G,LDHA,3_prime_UTR_variant,MODIFIER,
11-18407795-C-T,11_18407795_C/T,LDHA,3_prime_UTR_variant,MODIFIER,
11-18408393-C-T,11_18408393_C/T,LDHA,3_prime_UTR_variant,MODIFIER,
11-18408791-T-C,11_18408791_T/C,LDHA,upstream_gene_variant,MODIFIER,
11-18409903-T-A,11_18409903_T/A,LDHA,upstream_gene_variant,MODIFIER,
11-18411103-C-T,11_18411103_C/T,LDHA,upstream_gene_variant,MODIFIER,
11-18412213-T-A,11_18412213_T/A,LDHA,upstream_gene_variant,MODIFIER,
11-18412233-A-G,11_18412233_A/G,LDHA,upstream_gene_variant,MODIFIER,
11-18412293-C-T,11_18412293_C/T,LDHA,upstream_gene_variant,MODIFIER,
11-18412989-T-C,11_18412989_T/C,LDHA,intron_variant,MODIFIER,
11-18413169-C-T,11_18413169_C/T,LDHA,intron_variant,MODIFIER,
11-18417665-A-G,11_18417665_A/G,LDHC,intron_variant,MODIFIER,
11-18420849-T-C,11_18420849_T/C,LDHC,intron_variant,MODIFIER,
12-48506502-T-G,12_48506502_T/G,,upstream_gene_variant,MODIFIER,
12-48506512-G-A,12_48506512_G/A,,upstream_gene_variant,MODIFIER,
12-48506535-G-T,12_48506535_G/T,,upstream_gene_variant,MODIFIER,
12-48506683-A-G,12_48506683_A/G,,upstream_gene_variant,MODIFIER,
12-48506865-A-G,12_48506865_A/G,,upstream_gene_variant,MODIFIER,
12-48506873-T-C,12_48506873_T/C,,upstream_gene_variant,MODIFIER,
12-48506919-A-G,12_48506919_A/G,,upstream_gene_variant,MODIFIER,
12-48506930-A-G,12_48506930_A/G,,upstream_gene_variant,MODIFIER,
12-48506960-T-C,12_48506960_T/C,,upstream_gene_variant,MODIFIER,
12-48506967-T-C,12_48506967_T/C,,upstream_gene_variant,MODIFIER,
12-48507373-C-T,12_48507373_C/T,,non_coding_transcript_exon_variant,MODIFIER,
12-48507516-C-T,12_48507516_C/T,,non_coding_transcript_exon_variant,MODIFIER,
12-48508409-G-A,12_48508409_G/A,,intron_variant,MODIFIER,
12-48508741-G-A,12_48508741_G/A,,intron_variant,MODIFIER,
12-48509014-C-T,12_48509014_C/T,,intron_variant,MODIFIER,
12-48509204-A-G,12_48509204_A/G,,intron_variant,MODIFIER,
12-48509932-A-G,12_48509932_A/G,,intron_variant,MODIFIER,
12-48509942-A-G,12_48509942_A/G,,intron_variant,MODIFIER,
12-48510085-G-A,12_48510085_G/A,,intron_variant,MODIFIER,
12-48510133-G-A,12_48510133_G/A,,intron_variant,MODIFIER,
12-48510443-G-A,12_48510443_G/A,,intron_variant,MODIFIER,
12-48510456-G-A,12_48510456_G/A,,intron_variant,MODIFIER,
12-48510542-A-T,12_48510542_A/T,,intron_variant,MODIFIER,
12-48510550-T-G,12_48510550_T/G,,intron_variant,MODIFIER,
12-48510600-A-G,12_48510600_A/G,,intron_variant,MODIFIER,
12-48510624-G-A,12_48510624_G/A,,intron_variant,MODIFIER,
12-48511092-A-G,12_48511092_A/G,,intron_variant,MODIFIER,
12-48511352-T-C,12_48511352_T/C,,intron_variant,MODIFIER,
12-48511383-T-C,12_48511383_T/C,,intron_variant,MODIFIER,
12-48511388-C-T,12_48511388_C/T,,intron_variant,MODIFIER,
12-48511390-A-G,12_48511390_A/G,,intron_variant,MODIFIER,
12-48511403-C-A,12_48511403_C/A,,intron_variant,MODIFIER,
12-48513088-G-A,12_48513088_G/A,,intron_variant,MODIFIER,
12-48513307-G-A,12_48513307_G/A,,intron_variant,MODIFIER,
12-48514351-G-C,12_48514351_G/C,,intron_variant,MODIFIER,
12-48515309-A-G,12_48515309_A/G,,intron_variant,MODIFIER,
12-48515975-G-A,12_48515975_G/A,,intron_variant,MODIFIER,
12-48516966-T-C,12_48516966_T/C,,intron_variant,MODIFIER,
12-48517125-G-T,12_48517125_G/T,,intron_variant,MODIFIER,
12-48517499-A-C,12_48517499_A/C,,intron_variant,MODIFIER,
12-48520326-T-C,12_48520326_T/C,,intron_variant,MODIFIER,
12-48520423-T-C,12_48520423_T/C,,intron_variant,MODIFIER,
12-48522360-A-G,12_48522360_A/G,,intron_variant,MODIFIER,
12-48525773-A-G,12_48525773_A/G,,missense_variant,MODIFIER,
12-48528090-C-T,12_48528090_C/T,,non_coding_transcript_exon_variant,MODIFIER,
12-48528791-A-C,12_48528791_A/C,,non_coding_transcript_exon_variant,MODIFIER,
12-48528804-G-A,12_48528804_G/A,,non_coding_transcript_exon_variant,MODIFIER,
12-48528822-G-A,12_48528822_G/A,,non_coding_transcript_exon_variant,MODIFIER,
12-48528823-T-G,12_48528823_T/G,,non_coding_transcript_exon_variant,MODIFIER,
12-48528829-A-G,12_48528829_A/G,,non_coding_transcript_exon_variant,MODIFIER,
12-48528836-A-G,12_48528836_A/G,,non_coding_transcript_exon_variant,MODIFIER,
12-48528992-A-G,12_48528992_A/G,,non_coding_transcript_exon_variant,MODIFIER,
12-48529004-G-A,12_48529004_G/A,,non_coding_transcript_exon_variant,MODIFIER,
12-48529008-A-G,12_48529008_A/G,,non_coding_transcript_exon_variant,MODIFIER,
12-48529296-G-A,12_48529296_G/A,,non_coding_transcript_exon_variant,MODIFIER,
12-48529315-G-A,12_48529315_G/A,,non_coding_transcript_exon_variant,MODIFIER,
12-48529337-A-G,12_48529337_A/G,,non_coding_transcript_exon_variant,MODIFIER,
12-48529348-G-A,12_48529348_G/A,,non_coding_transcript_exon_variant,MODIFIER,
12-48529367-G-C,12_48529367_G/C,,non_coding_transcript_exon_variant,MODIFIER,
12-48529374-C-T,12_48529374_C/T,,non_coding_transcript_exon_variant,MODIFIER,
12-48529402-G-A,12_48529402_G/A,,non_coding_transcript_exon_variant,MODIFIER,
12-48529411-T-G,12_48529411_T/G,,non_coding_transcript_exon_variant,MODIFIER,
12-48529952-C-A,12_48529952_C/A,,downstream_gene_variant,MODIFIER,
12-48529956-T-A,12_48529956_T/A,,downstream_gene_variant,MODIFIER,
12-48529990-C-T,12_48529990_C/T,,downstream_gene_variant,MODIFIER,
12-48529997-A-G,12_48529997_A/G,,downstream_gene_variant,MODIFIER,
12-48531231-A-G,12_48531231_A/G,,downstream_gene_variant,MODIFIER,
12-48536509-G-A,12_48536509_G/A,,intergenic_variant,,
12-48536538-C-T,12_48536538_C/T,,intergenic_variant,,
12-48537441-G-A,12_48537441_G/A,,intergenic_variant,,
2-31808853-G-A,2_31808853_G/A,LINC01946,upstream_gene_variant,MODIFIER,
2-31809771-A-G,2_31809771_A/G,,downstream_gene_variant,MODIFIER,
2-31810723-C-T,2_31810723_C/T,,intergenic_variant,,
2-31813853-C-T,2_31813853_C/T,,intergenic_variant,,
2-31822927-G-C,2_31822927_G/C,KRT18P52,non_coding_transcript_exon_variant,MODIFIER,
2-31822946-C-T,2_31822946_C/T,KRT18P52,non_coding_transcript_exon_variant,MODIFIER,
2-31828278-T-A,2_31828278_T/A,KRT18P52,upstream_gene_variant,MODIFIER,
2-31828562-A-G,2_31828562_A/G,AK2P2,upstream_gene_variant,MODIFIER,
2-31828567-C-A,2_31828567_C/A,AK2P2,upstream_gene_variant,MODIFIER,
2-31829044-C-T,2_31829044_C/T,,intergenic_variant,,
2-31829048-A-G,2_31829048_A/G,,intergenic_variant,,
2-31829060-G-A,2_31829060_G/A,,intergenic_variant,,
2-31829080-T-G,2_31829080_T/G,,intergenic_variant,,
2-31829583-T-C,2_31829583_T/C,,intergenic_variant,,
2-31829614-C-T,2_31829614_C/T,,intergenic_variant,,
2-31829618-C-T,2_31829618_C/T,,intergenic_variant,,
2-31829708-A-G,2_31829708_A/G,,intergenic_variant,,
2-31829714-A-C,2_31829714_A/C,,intergenic_variant,,
2-31829734-A-T,2_31829734_A/T,,intergenic_variant,,
2-31829735-G-T,2_31829735_G/T,,intergenic_variant,,
2-31831305-A-G,2_31831305_A/G,,intergenic_variant,,
2-31831336-G-A,2_31831336_G/A,,intergenic_variant,,
2-31832463-G-A,2_31832463_G/A,,intergenic_variant,,
2-31835401-T-A,2_31835401_T/A,,intergenic_variant,,
2-31839745-C-T,2_31839745_C/T,,intergenic_variant,,
2-31841320-C-T,2_31841320_C/T,,intergenic_variant,,
2-31842000-T-C,2_31842000_T/C,,intergenic_variant,,
2-31849346-T-C,2_31849346_T/C,,downstream_gene_variant,MODIFIER,
2-31854324-C-T,2_31854324_C/T,,upstream_gene_variant,MODIFIER,
2-31856000-C-T,2_31856000_C/T,,upstream_gene_variant,MODIFIER,
2-31859642-C-T,2_31859642_C/T,,intergenic_variant,,
2-31871381-C-T,2_31871381_C/T,MEMO1,intron_variant,MODIFIER,
2-31874979-C-T,2_31874979_C/T,MEMO1,intron_variant,MODIFIER,
2-31882481-C-T,2_31882481_C/T,MEMO1,intron_variant,MODIFIER,
2-31895354-A-G,2_31895354_A/G,MEMO1,intron_variant,MODIFIER,
2-31896861-C-G,2_31896861_C/G,MEMO1,intron_variant,MODIFIER,
2-31909322-C-A,2_31909322_C/A,MEMO1,intron_variant,MODIFIER,
2-31909326-T-C,2_31909326_T/C,MEMO1,intron_variant,MODIFIER,
2-31909344-T-C,2_31909344_T/C,MEMO1,intron_variant,MODIFIER,
2-31909383-A-C,2_31909383_A/C,MEMO1,intron_variant,MODIFIER,
2-31909872-A-G,2_31909872_A/G,MEMO1,intron_variant,MODIFIER,
2-31909902-G-A,2_31909902_G/A,MEMO1,intron_variant,MODIFIER,
2-31911250-C-T,2_31911250_C/T,MEMO1,intron_variant,MODIFIER,
2-31911573-T-A,2_31911573_T/A,MEMO1,intron_variant,MODIFIER,
2-31914994-C-T,2_31914994_C/T,MEMO1,intron_variant,MODIFIER,
2-31953500-G-A,2_31953500_G/A,MEMO1,intron_variant,MODIFIER,
2-31956939-G-T,2_31956939_G/T,MEMO1,intron_variant,MODIFIER,
2-31980960-T-G,2_31980960_T/G,MEMO1,intron_variant,MODIFIER,
4-155367314-A-T,4_155367314_A/T,MAP9,non_coding_transcript_exon_variant,MODIFIER,
4-155367457-T-C,4_155367457_T/C,MAP9,non_coding_transcript_exon_variant,MODIFIER,
4-155368748-C-T,4_155368748_C/T,MAP9,synonymous_variant,LOW,L
4-155380586-T-G,4_155380586_T/G,MAP9,intron_variant,MODIFIER,
4-155382752-A-G,4_155382752_A/G,,upstream_gene_variant,MODIFIER,
4-155387399-T-C,4_155387399_T/C,,upstream_gene_variant,MODIFIER,
4-155387647-T-C,4_155387647_T/C,,upstream_gene_variant,MODIFIER,
4-155387682-C-G,4_155387682_C/G,,upstream_gene_variant,MODIFIER,
4-155393171-T-G,4_155393171_T/G,,intergenic_variant,,
4-155393306-T-C,4_155393306_T/C,,intergenic_variant,,
4-155393309-G-A,4_155393309_G/A,,intergenic_variant,,
4-155393330-A-C,4_155393330_A/C,,intergenic_variant,,
4-155393331-C-A,4_155393331_C/A,,intergenic_variant,,
4-155397498-G-T,4_155397498_G/T,,intergenic_variant,,
4-155397499-C-T,4_155397499_C/T,,intergenic_variant,,
4-155399712-C-T,4_155399712_C/T,,intergenic_variant,,
4-155400213-G-A,4_155400213_G/A,,intergenic_variant,,
4-155400731-C-T,4_155400731_C/T,,intergenic_variant,,
4-155401744-T-A,4_155401744_T/A,,intergenic_variant,,
4-155403912-G-A,4_155403912_G/A,,intergenic_variant,,
4-155404333-C-T,4_155404333_C/T,,intergenic_variant,,
4-155404513-T-A,4_155404513_T/A,,intergenic_variant,,
4-155404780-C-T,4_155404780_C/T,,intergenic_variant,,
4-155408634-C-T,4_155408634_C/T,,intergenic_variant,,
4-155408767-A-T,4_155408767_A/T,,intergenic_variant,,
4-155409460-G-C,4_155409460_G/C,,intergenic_variant,,
4-155410700-C-T,4_155410700_C/T,,intergenic_variant,,
4-155419339-T-G,4_155419339_T/G,,regulatory_region_variant,,
4-155421877-T-G,4_155421877_T/G,,intergenic_variant,,
4-155422318-G-A,4_155422318_G/A,,intergenic_variant,,
4-155422340-C-A,4_155422340_C/A,,intergenic_variant,,
4-155423016-C-A,4_155423016_C/A,,intergenic_variant,,
4-155423039-T-C,4_155423039_T/C,,intergenic_variant,,
16-28603413-T-C,16_28603413_T/C,SULT1A1,intron_variant,MODIFIER,
16-28604387-G-A,16_28604387_G/A,SULT1A1,non_coding_transcript_exon_variant,MODIFIER,
16-28604938-T-G,16_28604938_T/G,SULT1A1,non_coding_transcript_exon_variant,MODIFIER,
16-28605078-G-A,16_28605078_G/A,SULT1A1,3_prime_UTR_variant,MODIFIER,
16-28605344-C-A,16_28605344_C/A,SULT1A1,3_prime_UTR_variant,MODIFIER,
16-28605402-C-T,16_28605402_C/T,SULT1A1,3_prime_UTR_variant,MODIFIER,
16-28605736-G-A,16_28605736_G/A,SULT1A1,3_prime_UTR_variant,MODIFIER,
16-28605807-T-C,16_28605807_T/C,SULT1A1,3_prime_UTR_variant,MODIFIER,
16-28606274-A-G,16_28606274_A/G,SULT1A1,missense_variant,MODIFIER,
16-28606564-G-A,16_28606564_G/A,SULT1A1,intron_variant,MODIFIER,
16-28606567-C-T,16_28606567_C/T,SULT1A1,intron_variant,MODIFIER,
16-28606569-A-G,16_28606569_A/G,SULT1A1,intron_variant,MODIFIER,
16-28606650-T-C,16_28606650_T/C,SULT1A1,intron_variant,MODIFIER,
16-28606653-T-G,16_28606653_T/G,SULT1A1,intron_variant,MODIFIER,
16-28606672-C-A,16_28606672_C/A,SULT1A1,intron_variant,MODIFIER,
16-28606916-T-C,16_28606916_T/C,SULT1A1,intron_variant,MODIFIER,
16-28606917-A-G,16_28606917_A/G,SULT1A1,intron_variant,MODIFIER,
16-28607315-A-G,16_28607315_A/G,SULT1A1,intron_variant,MODIFIER,
16-28607682-G-T,16_28607682_G/T,SULT1A1,intron_variant,MODIFIER,
16-28607811-T-C,16_28607811_T/C,SULT1A1,intron_variant,MODIFIER,
16-28607858-A-G,16_28607858_A/G,SULT1A1,intron_variant,MODIFIER,
16-28607859-C-T,16_28607859_C/T,SULT1A1,intron_variant,MODIFIER,
16-28609479-C-G,16_28609479_C/G,SULT1A1,5_prime_UTR_variant,MODIFIER,
16-28609990-T-C,16_28609990_T/C,SULT1A1,5_prime_UTR_variant,MODIFIER,
16-28615683-T-C,16_28615683_T/C,,non_coding_transcript_exon_variant,MODIFIER,
16-28615742-C-T,16_28615742_C/T,,non_coding_transcript_exon_variant,MODIFIER,
16-28618867-T-C,16_28618867_T/C,,intron_variant,MODIFIER,
16-28618939-C-G,16_28618939_C/G,,intron_variant,MODIFIER,
16-28620039-A-T,16_28620039_A/T,,intron_variant,MODIFIER,
16-28620264-T-G,16_28620264_T/G,,intron_variant,MODIFIER,
16-28620510-G-C,16_28620510_G/C,,intron_variant,MODIFIER,
16-28621180-C-T,16_28621180_C/T,,intron_variant,MODIFIER,
6-16235532-G-A,6_16235532_G/A,GMPR,upstream_gene_variant,MODIFIER,
6-16239548-G-A,6_16239548_G/A,GMPR,intron_variant,MODIFIER,
6-16242580-C-T,6_16242580_C/T,GMPR,intron_variant,MODIFIER,
6-16242588-G-C,6_16242588_G/C,GMPR,intron_variant,MODIFIER,
6-16242595-C-T,6_16242595_C/T,GMPR,intron_variant,MODIFIER,
6-16244593-G-A,6_16244593_G/A,GMPR,intron_variant,MODIFIER,
6-16246553-C-G,6_16246553_C/G,GMPR,intron_variant,MODIFIER,
6-16246554-G-A,6_16246554_G/A,GMPR,intron_variant,MODIFIER,
6-16249869-T-C,6_16249869_T/C,GMPR,intron_variant,MODIFIER,
6-16252104-T-G,6_16252104_T/G,GMPR,intron_variant,MODIFIER,
6-16253864-T-C,6_16253864_T/C,GMPR,intron_variant,MODIFIER,
6-16257985-A-G,6_16257985_A/G,GMPR,non_coding_transcript_exon_variant,MODIFIER,
6-16259053-T-G,6_16259053_T/G,GMPR,non_coding_transcript_exon_variant,MODIFIER,
6-16268177-A-G,6_16268177_A/G,GMPR,intron_variant,MODIFIER,
6-16268801-T-C,6_16268801_T/C,GMPR,intron_variant,MODIFIER,
6-16269132-T-C,6_16269132_T/C,GMPR,intron_variant,MODIFIER,
6-16274423-C-T,6_16274423_C/T,GMPR,synonymous_variant,LOW,N
6-16274429-G-A,6_16274429_G/A,GMPR,synonymous_variant,LOW,V
6-16274438-A-G,6_16274438_A/G,GMPR,synonymous_variant,LOW,E
6-16275380-C-T,6_16275380_C/T,GMPR,intron_variant,MODIFIER,
6-16278159-A-G,6_16278159_A/G,GMPR,intron_variant,MODIFIER,
1-35542512-T-C,1_35542512_T/C,KIAA0319L,intron_variant,MODIFIER,
1-35544064-A-G,1_35544064_A/G,KIAA0319L,intron_variant,MODIFIER,
1-35546895-A-G,1_35546895_A/G,KIAA0319L,intron_variant,MODIFIER,
1-35549492-G-A,1_35549492_G/A,KIAA0319L,intron_variant,MODIFIER,
1-35552461-C-T,1_35552461_C/T,KIAA0319L,intron_variant,MODIFIER,
1-35561736-A-G,1_35561736_A/G,KIAA0319L,intron_variant,MODIFIER,
1-35562934-A-C,1_35562934_A/C,NCDN,intron_variant,MODIFIER,
1-35565741-T-A,1_35565741_T/A,NCDN,3_prime_UTR_variant,MODIFIER,
17-47199228-A-G,17_47199228_A/G,MYL4,upstream_gene_variant,MODIFIER,
17-47199317-C-A,17_47199317_C/A,MYL4,upstream_gene_variant,MODIFIER,
17-47200410-G-A,17_47200410_G/A,MYL4,upstream_gene_variant,MODIFIER,
17-47201731-T-C,17_47201731_T/C,MYL4,intron_variant,MODIFIER,
17-47202652-A-G,17_47202652_A/G,MYL4,intron_variant,MODIFIER,
17-47202653-T-G,17_47202653_T/G,MYL4,intron_variant,MODIFIER,
17-47203834-T-C,17_47203834_T/C,MYL4,intron_variant,MODIFIER,
17-47208108-G-A,17_47208108_G/A,MYL4,intron_variant,MODIFIER,
17-47210731-A-T,17_47210731_A/T,MYL4,intron_variant,MODIFIER,
17-47215068-A-G,17_47215068_A/G,MYL4,intron_variant,MODIFIER,
17-47219638-C-T,17_47219638_C/T,MYL4,intron_variant,MODIFIER,
17-47222852-C-T,17_47222852_C/T,MYL4,intron_variant,MODIFIER,
17-47225320-A-T,17_47225320_A/T,MYL4,intron_variant,MODIFIER,
17-47229993-G-A,17_47229993_G/A,,non_coding_transcript_exon_variant,MODIFIER,
17-47231120-G-A,17_47231120_G/A,,upstream_gene_variant,MODIFIER,
17-47231738-T-G,17_47231738_T/G,,upstream_gene_variant,MODIFIER,
17-47237565-G-A,17_47237565_G/A,,intergenic_variant,,
17-47237583-C-T,17_47237583_C/T,,intergenic_variant,,
17-47245367-C-T,17_47245367_C/T,,intergenic_variant,,
17-47250040-C-T,17_47250040_C/T,ITGB3,upstream_gene_variant,MODIFIER,
17-47250526-T-A,17_47250526_T/A,ITGB3,upstream_gene_variant,MODIFIER,
17-47251364-G-A,17_47251364_G/A,ITGB3,upstream_gene_variant,MODIFIER,
17-47251366-C-T,17_47251366_C/T,ITGB3,upstream_gene_variant,MODIFIER,
17-47251368-G-A,17_47251368_G/A,ITGB3,upstream_gene_variant,MODIFIER,
17-47251388-C-T,17_47251388_C/T,ITGB3,upstream_gene_variant,MODIFIER,
